10000	Description of a thing
10011	News+Opinion blogs / Editorials
10015	Discussion forums
10022	Personal opinion blogs
10024	News reports / news blogs
10045	Description of a person
10047	Description with intent to sell
10050	Description with intent to sell
10053	Discussion forums
10063	News reports / news blogs
10081	Description with intent to sell
10082	Community blogs
10091	Personal opinion blogs
10092	News reports / news blogs
10111	Sports reports
10144	Description of a thing
10163	Machine-translated / generated texts
10165	Description of a person
10173	Description with intent to sell
10179	Description of a thing
1020425	Machine-translated / generated texts
10205	Description with intent to sell
10275	Description with intent to sell
10276	Personal blog
10303	How-to/instructions
10320	Description with intent to sell
10324	News+Opinion blogs / Editorials
10327	News reports / news blogs
10356	Personal blog
10363	News reports / news blogs
10369	Community blogs
10387	Personal blog
10398	News reports / news blogs
10402	Sports reports
10403	Description with intent to sell
10411	Description of a thing
10414	Personal blog
10426	Description of a person
1044417	Machine-translated / generated texts
10458	News reports / news blogs
10468	News reports / news blogs
10473	Encyclopedia articles
10488	How-to/instructions
10497	News+Opinion blogs / Editorials
10500	Description with intent to sell
10508	Description of a thing
10524	Question-Answer forums
10529	Description with intent to sell
10534	News reports / news blogs
10544	Discussion forums
10558	Historical article
10566	Description with intent to sell
10567	Description with intent to sell
10577	Description with intent to sell
10591	Personal opinion blogs
10605	Description of a person
1061679	Machine-translated / generated texts
10617	Description with intent to sell
10621	Description of a thing
10622	Description of a thing
10628	News reports / news blogs
10629	Personal blog
10635	Discussion forums
10646	News+Opinion blogs / Editorials
10648	Description with intent to sell
10651	Community blogs
10654	Personal blog
10655	Reviews
10668	Discussion forums
10670	How-to/instructions
10681	Sports reports
10691	Discussion forums
10693	Description with intent to sell
10695	Description with intent to sell
10697	Travel blog
10702	Description with intent to sell
10704	How-to/instructions
10710	How-to/instructions
10711	Discussion forums
10715	Fiction
10722	Community blogs
10741	How-to/instructions
10751	Description with intent to sell
10755	Personal opinion blogs
10757	Description with intent to sell
10775	Personal blog
10776	How-to/instructions
10779	News reports / news blogs
10784	How-to/instructions
1078434	Sports reports
10797	Discussion forums
10805	News reports / news blogs
10809	Discussion forums
10810	How-to/instructions
1082645	Discussion forums
1083919	Personal blog
10850	Community blogs
10855	Machine-translated / generated texts
10874	Personal opinion blogs
1088256	Personal opinion blogs
10886	How-to/instructions
10890	Description of a thing
1090270	Informational Description general
1090570	Personal opinion blogs
10912	Description with intent to sell
10920	How-to/instructions
10930	Personal blog
10935	Description with intent to sell
10937	Reviews
10945	Description of a thing
10950	How-to/instructions
10951	How-to/instructions
1095473	Reviews
10957	Sports reports
10987	Description with intent to sell
10990	Religious blogs/sermons
109923	News reports / News blogs
10996	Personal opinion blogs
10997	News reports / news blogs
11003	Personal blog
11011	Description with intent to sell
11012	Description of a thing
11020	Description with intent to sell
11064	Sports reports
11070	Discussion forums
11073	How-to/instructions
11094	How-to/instructions
11116	How-to/instructions
11121	News+Opinion blogs / Editorials
11126	Description with intent to sell
11127	Information blogs
11146	Description of a person
1114627	Description of a thing
11175	Encyclopedia articles
11195	News reports / news blogs
11212	How-to/instructions
11217	Description with intent to sell
11226	Personal blog
11228	Personal blog
11258	Community blogs
11259	Historical article
11264	Description of a thing
11272	Description of a person
11286	Description with intent to sell
1128867	Machine-translated / generated texts
1128969	Machine-translated / generated texts
1128993	Description with intent to sell
1129024	Machine-translated / generated texts
1129034	Encyclopedia articles
1129041	Machine-translated / generated texts
1129042	News reports / News blogs
1129148	Machine-translated / generated texts
1129161	Machine-translated / generated texts
1129197	Machine-translated / generated texts
1129203	Machine-translated / generated texts
1129229	Machine-translated / generated texts
1129323	Reviews
1129333	Machine-translated / generated texts
1129347	Machine-translated / generated texts
1129368	Machine-translated / generated texts
1129369	Machine-translated / generated texts
1129383	Machine-translated / generated texts
1129394	Machine-translated / generated texts
1129488	News reports / News blogs
1129521	Reviews
1129525	Description with intent to sell
1129560	News reports / News blogs
1129595	Machine-translated / generated texts
1129685	Machine-translated / generated texts
1129693	Reviews
1129710	News reports / News blogs
1129814	Machine-translated / generated texts
1129941	Advice
1129945	Discussion forums
1129961	Machine-translated / generated texts
1129967	Reviews
1130002	Machine-translated / generated texts
1130038	Reviews
1130055	Sports reports
1130062	Machine-translated / generated texts
1130067	Machine-translated / generated texts
1130110	Reviews
1130209	Machine-translated / generated texts
1130277	Machine-translated / generated texts
1130286	Machine-translated / generated texts
1130327	Reviews
1130333	Machine-translated / generated texts
1130373	Machine-translated / generated texts
1130390	Machine-translated / generated texts
1130399	Machine-translated / generated texts
1130407	Machine-translated / generated texts
1130524	Machine-translated / generated texts
1130545	Discussion forums
1130590	Description with intent to sell
1130600	Machine-translated / generated texts
1130690	Machine-translated / generated texts
1130701	Machine-translated / generated texts
1130722	Advice
1130725	Machine-translated / generated texts
1130810	Machine-translated / generated texts
1130818	Description with intent to sell
1130854	Machine-translated / generated texts
1130875	Machine-translated / generated texts
1130918	Machine-translated / generated texts
1130929	Machine-translated / generated texts
1130937	Machine-translated / generated texts
1130938	Machine-translated / generated texts
1130958	Machine-translated / generated texts
1130980	Machine-translated / generated texts
1130981	Reviews
1130994	Machine-translated / generated texts
1130998	Community blog
1131002	Machine-translated / generated texts
1131019	Reviews
1131024	News reports / News blogs
1131045	Machine-translated / generated texts
1131072	Machine-translated / generated texts
1131080	Reviews
1131092	Description with intent to sell
1131150	Reviews
1131156	Narrative general
1131161	Machine-translated / generated texts
1131165	Machine-translated / generated texts
1131196	Machine-translated / generated texts
1131251	Machine-translated / generated texts
1131253	Machine-translated / generated texts
1131279	Machine-translated / generated texts
1131326	Machine-translated / generated texts
1131344	Reviews
1131355	Machine-translated / generated texts
1131434	Sports reports
1131456	Description with intent to sell
1131461	Reviews
1131466	News reports / News blogs
1131485	Machine-translated / generated texts
1131493	Machine-translated / generated texts
1131544	Machine-translated / generated texts
1131600	Machine-translated / generated texts
1131646	Machine-translated / generated texts
1131696	Description with intent to sell
1131728	Machine-translated / generated texts
1131731	Machine-translated / generated texts
1131742	News reports / News blogs
1131744	Machine-translated / generated texts
1131755	Machine-translated / generated texts
11318	Information blogs
1131807	Machine-translated / generated texts
1131824	Machine-translated / generated texts
1131833	Description with intent to sell
1131842	Machine-translated / generated texts
1131851	Machine-translated / generated texts
1131865	Machine-translated / generated texts
1131910	Machine-translated / generated texts
1131946	Machine-translated / generated texts
1131956	Machine-translated / generated texts
1131965	Machine-translated / generated texts
1131969	Machine-translated / generated texts
1131972	Machine-translated / generated texts
1132029	Description with intent to sell
1132057	Machine-translated / generated texts
1132066	Machine-translated / generated texts
1132098	Machine-translated / generated texts
1132117	Machine-translated / generated texts
1132139	Machine-translated / generated texts
1132159	Machine-translated / generated texts
1132168	Machine-translated / generated texts
1132180	Personal blog
1132238	Reviews
1132242	Personal blog
1132273	Machine-translated / generated texts
11323	News reports / news blogs
1132309	Machine-translated / generated texts
1132331	Reviews
1132332	Machine-translated / generated texts
1132337	Machine-translated / generated texts
1132341	Machine-translated / generated texts
1132371	Machine-translated / generated texts
1132388	Reviews
1132435	Machine-translated / generated texts
1132460	Reviews
1132532	Reviews
1132576	Reviews
1132635	Machine-translated / generated texts
1132639	Machine-translated / generated texts
1132647	Reviews
1132664	Machine-translated / generated texts
1132682	Machine-translated / generated texts
1132716	Machine-translated / generated texts
1132790	Machine-translated / generated texts
1132791	Machine-translated / generated texts
1132821	Narrative general
1132853	Machine-translated / generated texts
1132876	Reviews
1132879	News reports / News blogs
1132909	Discussion forums
1132920	Online article
1132939	Description with intent to sell
1132978	Machine-translated / generated texts
1132985	Reviews
1133025	Discussion forums
1133082	Advice
11336	News reports / news blogs
11341	News reports / news blogs
11357	Discussion forums
11364	Description of a thing
11379	Description of a thing
11397	Description with intent to sell
11399	Description with intent to sell
11404	News reports / news blogs
11409	News reports / news blogs
11410	Description of a thing
11421	Description with intent to sell
1142684	Personal opinion blogs
11434	Encyclopedia articles
11439	News reports / news blogs
11469	Discussion forums
11474	Historical article
11485	News reports / news blogs
11488	Community blogs
11492	Community blogs
11499	Personal blog
11500	Description of a thing
11509	Encyclopedia articles
11527	News reports / news blogs
11537	Community blogs
11541	Description with intent to sell
11544	Religious blogs/sermons
11546	News reports / news blogs
11553	Description of a thing
11563	Sports reports
11567	Discussion forums
1157041	Machine-translated / generated texts
1157072	Machine-translated / generated texts
1157085	Machine-translated / generated texts
1157096	Machine-translated / generated texts
1157097	Machine-translated / generated texts
1157121	News reports / News blogs
1157151	Machine-translated / generated texts
1157157	Machine-translated / generated texts
1157161	News reports / News blogs
1157189	Description with intent to sell
1157204	Machine-translated / generated texts
1157219	How-to/instructions
1157223	Machine-translated / generated texts
1157289	Machine-translated / generated texts
1157315	Machine-translated / generated texts
1157323	Machine-translated / generated texts
1157377	Machine-translated / generated texts
1157414	Machine-translated / generated texts
1157434	Machine-translated / generated texts
1157442	Machine-translated / generated texts
1157444	Machine-translated / generated texts
1157461	Machine-translated / generated texts
1157489	Machine-translated / generated texts
1157493	Description with intent to sell
11575	How-to/instructions
1157500	News reports / News blogs
1157501	Machine-translated / generated texts
1157516	Machine-translated / generated texts
1157548	Machine-translated / generated texts
1157573	Machine-translated / generated texts
1157605	Machine-translated / generated texts
1157666	Machine-translated / generated texts
1157712	Machine-translated / generated texts
1157733	Machine-translated / generated texts
1157737	Description with intent to sell
1157740	Machine-translated / generated texts
1157750	Machine-translated / generated texts
1157753	Machine-translated / generated texts
1157773	Machine-translated / generated texts
1157805	Machine-translated / generated texts
1157815	Machine-translated / generated texts
1157827	Description with intent to sell
1157842	Machine-translated / generated texts
1157855	Machine-translated / generated texts
1157868	Description with intent to sell
1157876	Machine-translated / generated texts
1157906	Machine-translated / generated texts
1157935	Machine-translated / generated texts
1157943	Description with intent to sell
1157951	Machine-translated / generated texts
1157952	Machine-translated / generated texts
1157967	Machine-translated / generated texts
1157977	Machine-translated / generated texts
1157996	Machine-translated / generated texts
1158026	Machine-translated / generated texts
1158045	Machine-translated / generated texts
1158057	Machine-translated / generated texts
1158066	Machine-translated / generated texts
1158091	Machine-translated / generated texts
11589	Discussion forums
11590	Description with intent to sell
11594	Description of a thing
11600	Description with intent to sell
11612	How-to/instructions
11616	Description with intent to sell
11625	Description with intent to sell
11633	Research articles
11647	Personal blog
1165599	Machine-translated / generated texts
1167209	Narrative general
11683	Personal blog
11685	Description of a thing
11691	Personal blog
11697	Personal blog
11699	Description with intent to sell
11704	Personal opinion blogs
11715	How-to/instructions
11721	Advice
11727	Personal opinion blogs
11730	Description of a thing
11735	Description with intent to sell
11737	Discussion forums
11745	News reports / news blogs
1177810	Discussion forums
1177815	Machine-translated / generated texts
1177826	News reports / News blogs
1177835	Discussion forums
1177842	Machine-translated / generated texts
1177853	Reviews
1177868	Machine-translated / generated texts
1177899	Machine-translated / generated texts
11779	Description with intent to sell
1177919	Machine-translated / generated texts
1178066	Description with intent to sell
1178110	Machine-translated / generated texts
1178128	News reports / News blogs
1178138	Machine-translated / generated texts
1178152	Machine-translated / generated texts
1178197	Machine-translated / generated texts
1178208	Machine-translated / generated texts
1178223	Machine-translated / generated texts
1178282	Machine-translated / generated texts
11783	Description with intent to sell
1178312	Machine-translated / generated texts
1178370	Machine-translated / generated texts
11784	Description with intent to sell
1178401	Machine-translated / generated texts
1178415	Description with intent to sell
1178419	Machine-translated / generated texts
1178460	Description of a thing
1178496	Machine-translated / generated texts
1178519	Machine-translated / generated texts
1178532	Machine-translated / generated texts
1178537	Machine-translated / generated texts
1178579	Machine-translated / generated texts
1178608	Machine-translated / generated texts
1178611	Machine-translated / generated texts
1178656	Machine-translated / generated texts
1178668	Machine-translated / generated texts
1178676	Machine-translated / generated texts
1178690	Machine-translated / generated texts
1178722	Machine-translated / generated texts
1178734	Description with intent to sell
1178806	Machine-translated / generated texts
1178860	Machine-translated / generated texts
11789	Description of a thing
1178926	Machine-translated / generated texts
1178933	Machine-translated / generated texts
1178966	Machine-translated / generated texts
1178992	Description with intent to sell
1179058	Machine-translated / generated texts
1179071	Machine-translated / generated texts
11791	Religious blogs/sermons
1179125	Machine-translated / generated texts
1179131	Machine-translated / generated texts
1179145	Machine-translated / generated texts
1179192	Machine-translated / generated texts
1179199	Description with intent to sell
1179200	News reports / News blogs
1179206	Machine-translated / generated texts
1179214	Community blog
1179249	Machine-translated / generated texts
1179252	Description with intent to sell
1179278	News reports / News blogs
1179319	Machine-translated / generated texts
1179420	News reports / News blogs
1179446	Machine-translated / generated texts
1179479	Machine-translated / generated texts
1179481	Machine-translated / generated texts
1179552	Machine-translated / generated texts
1179562	Machine-translated / generated texts
1179568	Machine-translated / generated texts
1179600	Description with intent to sell
1179607	Advice
1179611	Machine-translated / generated texts
1179641	Description with intent to sell
1179658	Machine-translated / generated texts
1179659	Machine-translated / generated texts
1179689	Machine-translated / generated texts
1179690	Description with intent to sell
1179705	Machine-translated / generated texts
1179735	Machine-translated / generated texts
1179755	News reports / News blogs
1179780	Machine-translated / generated texts
1179782	Machine-translated / generated texts
1179783	Machine-translated / generated texts
1179792	News reports / News blogs
1179793	Machine-translated / generated texts
1179812	Machine-translated / generated texts
1179822	Machine-translated / generated texts
1179828	Description with intent to sell
1179836	Machine-translated / generated texts
1179888	News reports / News blogs
1179898	Machine-translated / generated texts
1180108	News reports / News blogs
11817	Community blogs
11818	Description of a thing
11822	Personal blog
11828	Reviews
11840	Description with intent to sell
11858	Description with intent to sell
11859	Religious blogs/sermons
11873	Description of a person
11874	Description with intent to sell
1188470	Sports reports
1189135	Description with intent to sell
11896	Description with intent to sell
11900	How-to/instructions
11913	Personal opinion blogs
11919	Question-Answer forums
11920	How-to/instructions
11921	Description with intent to sell
1192340	Personal opinion blogs
11928	Information blogs
11934	News reports / news blogs
11935	News reports / news blogs
11940	Discussion forums
11955	Information blogs
11962	Community blogs
11970	Personal opinion blogs
11976	Reviews
11983	Sports reports
11988	Description with intent to sell
12004	Personal opinion blogs
12017	How-to/instructions
12018	How-to/instructions
12027	Personal blog
12042	News reports / news blogs
12056	News reports / news blogs
12057	Discussion forums
12067	Encyclopedia articles
12070	How-to/instructions
1207614	Description with intent to sell
12077	Sports reports
12088	News+Opinion blogs / Editorials
12097	Research articles
12105	Sports reports
12130	Description of a thing
1214210	Discussion forums
12147	Personal blog
12158	Personal blog
12161	News reports / news blogs
12163	Religious blogs/sermons
12171	Description with intent to sell
12188	Personal opinion blogs
12194	News reports / news blogs
12223	Personal opinion blogs
12227	How-to/instructions
12241	Travel blog
12252	Description of a person
12279	How-to/instructions
12298	How-to/instructions
12302	Description of a thing
12318	Description of a thing
12321	How-to/instructions
12329	Personal opinion blogs
1234	Personal blog
12340	How-to/instructions
12342	Community blogs
12353	News reports / news blogs
12354	Personal opinion blogs
12366	News reports / news blogs
12373	Discussion forums
12376	Description with intent to sell
12381	Personal blog
1238624	Personal blog
12428	Question-Answer forums
12440	Religious blogs/sermons
12446	Religious blogs/sermons
12466	Historical article
12471	Community blogs
12474	Community blogs
1247477	Discussion forums
12479	Discussion forums
12484	News reports / news blogs
12506	Description with intent to sell
12507	News reports / news blogs
12514	Religious blogs/sermons
12526	Personal blog
12543	Personal opinion blogs
12544	Discussion forums
12551	Personal blog
12573	How-to/instructions
1258385	Personal blog
12584	Discussion forums
12589	News+Opinion blogs / Editorials
1259941	Personal opinion blogs
12603	Description with intent to sell
12606	Description of a thing
12620	How-to/instructions
12630	News+Opinion blogs / Editorials
12633	Description with intent to sell
12641	Historical article
12649	Travel blog
1264940	Machine-translated / generated texts
12657	Reviews
12688	Description of a thing
12693	Description with intent to sell
12694	Personal opinion blogs
12703	Community blogs
12712	Personal opinion blogs
12716	How-to/instructions
12720	Discussion forums
1272853	Personal blog
12732	Description of a thing
12733	Sports reports
12745	Description with intent to sell
12757	How-to/instructions
12787	Encyclopedia articles
12801	News+Opinion blogs / Editorials
12805	How-to/instructions
12817	Description of a thing
12819	Description with intent to sell
12824	Description with intent to sell
12843	Description with intent to sell
12844	News+Opinion blogs / Editorials
12851	Description with intent to sell
12863	How-to/instructions
12867	Description with intent to sell
12896	Information blogs
12897	Personal blog
12900	Personal blog
12901	Reviews
12927	Description with intent to sell
12928	Religious blogs/sermons
12930	Description with intent to sell
12941	News+Opinion blogs / Editorials
12967	Personal opinion blogs
12985	Description of a thing
12990	Description with intent to sell
12991	Description with intent to sell
12993	Description with intent to sell
12999	Description of a person
13008	Sports reports
13015	Personal blog
13021	Historical article
1302876	Machine-translated / generated texts
13029	How-to/instructions
13033	Community blogs
13039	News reports / news blogs
13053	News reports / news blogs
13054	Community blogs
13084	How-to/instructions
1309395	Personal opinion blogs
13098	News reports / news blogs
13107	News reports / news blogs
13109	How-to/instructions
13122	Personal opinion blogs
13127	News reports / news blogs
13132	Community blogs
13150	Description of a person
13198	Personal blog
1319890	Description with intent to sell
13203	News reports / news blogs
13210	Community blogs
13212	Description of a thing
13218	News+Opinion blogs / Editorials
13260	Description of a person
13278	FAQs
13279	How-to/instructions
13289	Information blogs
1328945	News reports / News blogs
13301	Personal blog
13315	Discussion forums
13323	Machine-translated / generated texts
13326	Description with intent to sell
13327	Community blogs
13344	Description with intent to sell
13351	Discussion forums
13352	Religious blogs/sermons
13353	News reports / news blogs
13354	Description with intent to sell
13383	Description with intent to sell
1340730	Description of a thing
13418	How-to/instructions
13420	Encyclopedia articles
13444	Information blogs
13447	Description with intent to sell
13460	Description with intent to sell
134682	News reports / news blogs
13482	News reports / news blogs
13486	How-to/instructions
13509	News reports / news blogs
13512	Personal blog
13518	Personal opinion blogs
13527	Personal opinion blogs
13535	News reports / news blogs
13536	Information blogs
13551	Community blogs
13552	Information blogs
13556	Historical article
1357473	Personal blog
135883	Reviews
13601	Description of a thing
13608	Description with intent to sell
13636	Personal opinion blogs
13637	Encyclopedia articles
13639	Description with intent to sell
13648	Description of a person
13657	News+Opinion blogs / Editorials
13658	News reports / news blogs
13664	Description of a person
13687	Description of a thing
13689	Description of a person
1370	Description with intent to sell
13701	Personal blog
13732	Sports reports
13736	Description with intent to sell
13758	FAQs
13762	News reports / news blogs
13769	Sports reports
13777	How-to/instructions
13781	Description with intent to sell
13786	Description of a thing
13795	Personal opinion blogs
13798	Description of a thing
13799	News reports / news blogs
13802	Information blogs
13809	Description with intent to sell
13810	Personal opinion blogs
13826	News reports / news blogs
13853	Reviews
13854	Personal blog
13878	News reports / news blogs
13883	Description of a thing
13886	Description with intent to sell
13887	Description with intent to sell
13915	Machine-translated / generated texts
13917	Personal opinion blogs
13918	Personal blog
13928	Personal opinion blogs
13934	Description with intent to sell
13937	Information blogs
13939	Description with intent to sell
13943	Sports reports
13944	Community blogs
13961	Description of a thing
13965	Community blogs
13988	News reports / news blogs
13994	Personal opinion blogs
14000	Description of a thing
14009	Personal blog
1403384	Personal opinion blogs
14052	Description of a person
14058	News reports / news blogs
14059	Description of a thing
14072	News reports / news blogs
14075	Description with intent to sell
1408240	News reports / news blogs
14083	News reports / news blogs
14085	Description with intent to sell
14095	Discussion forums
14106	Personal blog
14126	Question-Answer forums
14139	How-to/instructions
14161	News reports / news blogs
14180	Personal blog
14190	Description with intent to sell
14191	Description with intent to sell
14198	News reports / news blogs
14212	Description with intent to sell
14243	Information blogs
14254	News reports / news blogs
14264	Description with intent to sell
14269	Discussion forums
1428028	Personal opinion blogs
14281	News reports / news blogs
1429	Description with intent to sell
14291	Research articles
14293	Personal blog
14298	Discussion forums
14302	How-to/instructions
14304	How-to/instructions
14323	Personal blog
1432684	How-to/instructions
14334	Personal blog
14345	Description of a thing
14349	Description with intent to sell
14354	News reports / news blogs
14359	Sports reports
14363	Personal blog
14365	How-to/instructions
14378	Description with intent to sell
14390	Description with intent to sell
14391	Description with intent to sell
1440468	Personal blog
14414	Description with intent to sell
14417	Personal opinion blogs
14430	Description of a thing
14442	Description of a thing
1444849	Machine-translated / generated texts
1444854	Personal blog
1444861	Fiction
1444986	Personal opinion blogs
1445129	Description with intent to sell
1445167	News reports / News blogs
1445249	Description with intent to sell
1445287	Description with intent to sell
1445313	Fiction
1445322	Description with intent to sell
1445377	Description with intent to sell
1445433	Machine-translated / generated texts
1445457	Personal opinion blogs
1445558	Description with intent to sell
1445615	Travel blog
1445669	Description with intent to sell
14457	Personal blog
1445767	Description with intent to sell
1445887	News reports / News blogs
1445980	Machine-translated / generated texts
14461	Description with intent to sell
1446100	Description with intent to sell
1446132	Machine-translated / generated texts
1446329	News reports / News blogs
1446379	Description with intent to sell
1446520	Description with intent to sell
1446669	Narrative general
1446700	Machine-translated / generated texts
1446722	Online article
1446762	Description of a thing
1446783	Description with intent to sell
1446813	FAQs
1446842	Machine-translated / generated texts
1447038	Machine-translated / generated texts
1447104	Reviews
1447128	How-to/instructions
1447169	News reports / News blogs
1447208	FAQs
1447302	News reports / News blogs
1447324	Narrative general
1447338	How-to/instructions
1447404	Machine-translated / generated texts
1447582	Machine-translated / generated texts
1447616	News reports / News blogs
1447749	Machine-translated / generated texts
14478	Advice
1447932	Machine-translated / generated texts
14494	Description of a thing
14498	Description of a person
14504	Personal opinion blogs
14521	Description with intent to sell
14525	Discussion forums
14530	Reviews
14572	How-to/instructions
14576	How-to/instructions
14589	Description with intent to sell
14596	Description with intent to sell
14597	Discussion forums
14599	News reports / news blogs
1460159	Description of a thing
1460176	Reviews
14602	Discussion forums
14603	Community blogs
1460388	Description with intent to sell
1460396	News reports / News blogs
14604	Machine-translated / generated texts
1460422	Machine-translated / generated texts
1460432	Machine-translated / generated texts
1460519	News reports / News blogs
1460596	Machine-translated / generated texts
1460702	Description with intent to sell
1460728	Machine-translated / generated texts
1460815	Machine-translated / generated texts
1460852	Community blog
1460907	Machine-translated / generated texts
1460918	Description with intent to sell
1460935	Machine-translated / generated texts
1461017	Personal blog
1461045	How-to/instructions
1461209	How-to/instructions
1461349	Machine-translated / generated texts
1461408	Online article
1461494	Reviews
1461612	Narrative general
1461690	FAQs
1461713	How-to/instructions
1461777	Information blogs
1461789	Machine-translated / generated texts
1461856	Community blog
1461877	News reports / News blogs
1462034	News reports / News blogs
1462152	Description of a thing
1462214	News reports / News blogs
1462235	Machine-translated / generated texts
1462379	Description with intent to sell
1462495	News reports / News blogs
14625	Description with intent to sell
1462527	Description with intent to sell
1462713	Information blogs
1462714	Community blog
14628	Description with intent to sell
1462869	FAQs
1463079	Description with intent to sell
14631	Discussion forums
1463158	Machine-translated / generated texts
1463308	Machine-translated / generated texts
1463340	Description with intent to sell
1463395	News reports / News blogs
14634	Religious blogs/sermons
1463595	Machine-translated / generated texts
1463636	Machine-translated / generated texts
1463698	Legal terms / conditions
1463807	News reports / News blogs
1463825	Online article
1463871	Machine-translated / generated texts
1464040	News reports / News blogs
1464215	Machine-translated / generated texts
1464241	Interactive discussion general
1464262	Machine-translated / generated texts
1464312	News reports / News blogs
1464391	Online article
1464522	News reports / News blogs
1464722	Description of a thing
1464931	News reports / News blogs
1465076	Description with intent to sell
1465095	Interactive discussion general
1465135	How-to/instructions
14652	How-to/instructions
1465246	How-to/instructions
1465309	Personal opinion blogs
1465367	News reports / News blogs
1465374	Personal blog
1465641	Description with intent to sell
1465688	Research articles
1465738	Machine-translated / generated texts
1465930	Machine-translated / generated texts
1466026	Machine-translated / generated texts
1466034	News reports / News blogs
1466222	Personal opinion blogs
1466438	Community blog
1466461	Machine-translated / generated texts
1466546	News reports / News blogs
1466597	Legal terms / conditions
1466619	Machine-translated / generated texts
1466697	News reports / News blogs
1466718	News reports / News blogs
1466720	Machine-translated / generated texts
1466730	Description with intent to sell
14668	Description with intent to sell
1466861	Description of a thing
1466882	News reports / News blogs
1466920	Machine-translated / generated texts
1466933	Description of a thing
14672	Description with intent to sell
1467237	News reports / News blogs
1467254	News reports / News blogs
1467284	Machine-translated / generated texts
14674	Sports reports
1467496	Description of a thing
14675	Personal opinion blogs
1467571	Machine-translated / generated texts
1467709	News reports / News blogs
1467713	Description with intent to sell
1467745	Description with intent to sell
1467815	Machine-translated / generated texts
1467920	Description with intent to sell
1467954	Reviews
1467968	Description of a thing
1468046	Narrative general
1468166	Description with intent to sell
1468238	Machine-translated / generated texts
1468306	Description of a thing
1468431	Description with intent to sell
1468435	Machine-translated / generated texts
1468496	Community blog
1468514	Machine-translated / generated texts
1468542	Machine-translated / generated texts
1468587	Machine-translated / generated texts
1468645	Description with intent to sell
1468741	Research articles
1468847	Description with intent to sell
14723	Description with intent to sell
14732	Description with intent to sell
14760	Description with intent to sell
14764	News reports / news blogs
14770	Discussion forums
14772	News+Opinion blogs / Editorials
14779	Description of a thing
14793	Personal blog
1480003	Description with intent to sell
1480079	Reviews
1480080	Description of a thing
1480132	Description with intent to sell
1480209	Description with intent to sell
14804	How-to/instructions
1480411	Description with intent to sell
1480604	Machine-translated / generated texts
14807	News reports / news blogs
1480710	Online article
14809	Sports reports
1480944	How-to/instructions
1481106	Machine-translated / generated texts
1481205	Description with intent to sell
1481244	Description with intent to sell
1481283	Information blogs
1481488	Legal terms / conditions
1481531	Description with intent to sell
1481548	Advice
1481592	Description with intent to sell
1481593	Machine-translated / generated texts
1481912	Community blog
14820	Description with intent to sell
1482170	Machine-translated / generated texts
1482215	Description of a thing
1482220	Description of a thing
1482450	News reports / News blogs
1482678	Interactive discussion general
14828	Personal blog
1482896	Personal opinion blogs
1482960	News reports / News blogs
1483218	News reports / News blogs
1483325	Machine-translated / generated texts
1483385	Description with intent to sell
1483407	How-to/instructions
1483431	Machine-translated / generated texts
1483621	Machine-translated / generated texts
1483641	Machine-translated / generated texts
1483669	Narrative general
1483759	Description with intent to sell
1483770	Machine-translated / generated texts
1483797	Machine-translated / generated texts
1483834	Machine-translated / generated texts
1483835	Machine-translated / generated texts
1483880	Encyclopedia articles
1484021	Machine-translated / generated texts
1484063	Research articles
1484129	Machine-translated / generated texts
1484130	Encyclopedia articles
1484180	Machine-translated / generated texts
1484236	Legal terms / conditions
1484393	How-to/instructions
1484550	How-to/instructions
14846	Religious blogs/sermons
1484603	Machine-translated / generated texts
1484629	Description of a thing
1484645	Interactive discussion general
1484737	Description with intent to sell
1484786	News reports / News blogs
1484889	Advice
1484899	Machine-translated / generated texts
1484930	Discussion forums
1485007	Personal opinion blogs
1485229	Personal blog
1485268	Description with intent to sell
1485275	How-to/instructions
1485370	Legal terms / conditions
1485376	Machine-translated / generated texts
1485416	Advice
1485486	Machine-translated / generated texts
1485711	Machine-translated / generated texts
1485728	Description with intent to sell
1485765	Interactive discussion general
1485779	Machine-translated / generated texts
1485793	Description of a thing
1485870	Legal terms / conditions
1485958	Personal opinion blogs
1485987	Machine-translated / generated texts
1486024	Legal terms / conditions
1486238	Personal blog
1486239	Description with intent to sell
1486309	Description with intent to sell
1486367	News reports / News blogs
1486442	Encyclopedia articles
1486449	Machine-translated / generated texts
1486450	Description of a thing
1486527	How-to/instructions
14868	Fiction
1486838	News reports / News blogs
1486844	Machine-translated / generated texts
1486998	Description with intent to sell
1487034	How-to/instructions
1487073	News reports / News blogs
1487287	Description of a thing
14873	News reports / news blogs
1487437	Description of a person
1487485	Personal blog
1487494	Description with intent to sell
14875	Description with intent to sell
1487533	How-to/instructions
1487535	News reports / News blogs
1487622	Personal blog
1487681	News reports / News blogs
1487687	Machine-translated / generated texts
1487786	Description with intent to sell
1487788	Machine-translated / generated texts
1487871	Description with intent to sell
1487907	News reports / News blogs
1487918	Historical article
1488023	Description of a thing
1488034	Description with intent to sell
1488114	Machine-translated / generated texts
1488182	Online article
1488256	Narrative general
1488265	Description with intent to sell
1488290	Description with intent to sell
1488334	Description with intent to sell
1488447	Personal blog
14891	Reviews
14895	Description of a thing
14901	Description with intent to sell
14907	Description with intent to sell
14913	Personal blog
14914	Sports reports
14916	News reports / news blogs
14937	Description of a thing
14949	Description with intent to sell
14957	News reports / news blogs
14978	News reports / news blogs
14979	News reports / news blogs
14995	News reports / news blogs
1500047	News reports / News blogs
1500101	Machine-translated / generated texts
1500217	News reports / News blogs
1500328	Machine-translated / generated texts
1500438	News reports / News blogs
1500474	Religious blogs/sermons
1500521	Discussion forums
1500627	Description with intent to sell
1500663	How-to/instructions
1500745	Description with intent to sell
15010	Personal blog
1501048	Community blog
1501100	Interactive discussion general
1501187	Machine-translated / generated texts
1501207	News reports / News blogs
1501300	News reports / News blogs
1501315	Legal terms / conditions
1501436	News reports / News blogs
1501438	Online article
1501533	Description with intent to sell
1501570	News reports / News blogs
1501601	Community blog
15017	How-to/instructions
1501864	Description of a thing
1502096	Description with intent to sell
1502138	Machine-translated / generated texts
1502358	Machine-translated / generated texts
15024	Historical article
1502441	Machine-translated / generated texts
1502455	News reports / News blogs
1502476	Machine-translated / generated texts
1502520	How-to/instructions
1502570	How-to/instructions
1502606	News reports / News blogs
1502672	Machine-translated / generated texts
1502694	Online article
1502695	Machine-translated / generated texts
1503093	Machine-translated / generated texts
1503258	News reports / News blogs
1503446	News reports / News blogs
1503627	Description of a thing
1503737	News reports / News blogs
1503940	Online article
1503982	Description with intent to sell
1504018	Description of a thing
1504036	Description with intent to sell
1504051	News reports / News blogs
1504578	Sports reports
1504985	News reports / News blogs
1505004	FAQs
1505389	Machine-translated / generated texts
1505411	Machine-translated / generated texts
15055	Description of a thing
1505560	News reports / News blogs
1505661	How-to/instructions
1505693	Online article
1505902	Description of a thing
1506057	Machine-translated / generated texts
1506121	News reports / News blogs
1506176	Reviews
1506206	Informational Description general
15063	News reports / news blogs
1506330	News reports / News blogs
1506432	News reports / News blogs
1506483	Community blog
1506555	Machine-translated / generated texts
1506559	Description with intent to sell
1506708	Description with intent to sell
1506727	Machine-translated / generated texts
1506902	How-to/instructions
1506946	Sports reports
1506953	Description with intent to sell
1507103	Community blog
1507122	News reports / News blogs
1507188	Machine-translated / generated texts
1507234	How-to/instructions
1507497	Description with intent to sell
1507516	News reports / News blogs
1507522	Description with intent to sell
1507540	Description with intent to sell
15076	News reports / news blogs
1507615	Discussion forums
1507661	How-to/instructions
15077	Information blogs
1507852	Interactive discussion general
1507861	Description with intent to sell
1507984	How-to/instructions
1508014	Description with intent to sell
1508081	Description with intent to sell
1508103	Machine-translated / generated texts
1508159	Community blog
1508181	Description with intent to sell
1508215	Description of a person
15095	Description of a person
15113	Description with intent to sell
15116	Personal blog
1513839	Machine-translated / generated texts
15155	Personal opinion blogs
15158	Description of a person
151699	Personal opinion blogs
15171	Description of a thing
15182	Description with intent to sell
15197	Machine-translated / generated texts
15200	How-to/instructions
15209	Description with intent to sell
15235	How-to/instructions
15239	Historical article
15247	Description with intent to sell
15251	Personal blog
15260	News reports / news blogs
15284	Discussion forums
15307	News reports / news blogs
15309	Description of a thing
15321	Information blogs
15327	Encyclopedia articles
15331	How-to/instructions
15339	Information blogs
15343	Description of a thing
15389	Question-Answer forums
1540032	How-to/instructions
1540155	Description with intent to sell
1540170	Description with intent to sell
1540262	Description with intent to sell
1540272	FAQs
1540466	Information blogs
15405	Description with intent to sell
1540546	Machine-translated / generated texts
1541042	Description with intent to sell
1541121	Machine-translated / generated texts
1541481	Interactive discussion general
1541530	Description with intent to sell
1541594	Description with intent to sell
1541596	News reports / News blogs
1541684	Description with intent to sell
1541691	FAQs
1541696	Description of a thing
1542157	Machine-translated / generated texts
1542188	Description of a thing
15423	Description with intent to sell
1542336	How-to/instructions
1542433	News reports / News blogs
1542512	Informational Description general
1542634	How-to/instructions
1542690	Online article
1542798	News reports / News blogs
1542799	Machine-translated / generated texts
1542927	Description with intent to sell
1543349	Personal blog
1543437	Research articles
1543528	Interactive discussion general
1543529	Description with intent to sell
1543769	Machine-translated / generated texts
1543923	Description with intent to sell
1543953	Description with intent to sell
1544001	Machine-translated / generated texts
1544007	Community blog
1544130	Machine-translated / generated texts
1544133	Interactive discussion general
1544430	News reports / News blogs
1544657	Machine-translated / generated texts
1544699	Informational Description general
1544816	Machine-translated / generated texts
1544899	Personal blog
1544968	News reports / News blogs
1544982	Machine-translated / generated texts
1544997	Discussion forums
1545054	Description of a person
15451	Description with intent to sell
1545212	Discussion forums
1545226	Community blog
1545253	News reports / News blogs
1545361	Description of a thing
1545415	Description with intent to sell
1545449	Machine-translated / generated texts
1545596	Description with intent to sell
1545627	Informational Description general
1545629	Personal opinion blogs
1545681	How-to/instructions
15457	Sports reports
1545911	Description with intent to sell
1545938	Informational Description general
1546147	Personal blog
1546291	Discussion forums
1546542	News reports / News blogs
1546548	Description with intent to sell
1546752	How-to/instructions
1546754	Personal opinion blogs
1546837	Personal opinion blogs
15469	Description of a thing
1546908	Machine-translated / generated texts
1546911	Discussion forums
1546979	Community blog
1547061	Machine-translated / generated texts
1547313	Machine-translated / generated texts
1547332	Machine-translated / generated texts
1547342	Machine-translated / generated texts
1547429	Machine-translated / generated texts
1547588	Description with intent to sell
1547708	Narrative general
1547874	News reports / News blogs
1547895	How-to/instructions
1547898	Description of a thing
1547925	FAQs
1548066	News reports / News blogs
1548081	How-to/instructions
1548106	Description with intent to sell
1548198	Machine-translated / generated texts
1548258	Machine-translated / generated texts
1548305	Machine-translated / generated texts
1548329	Description with intent to sell
1548375	Description with intent to sell
15498	News reports / news blogs
15510	Fiction
15511	Discussion forums
1551666	Description with intent to sell
15520	Personal opinion blogs
15526	Description with intent to sell
15545	Machine-translated / generated texts
15586	Discussion forums
1560057	Reviews
1560064	News+Opinion blogs / Editorials
1560160	Machine-translated / generated texts
1560175	Description with intent to sell
1560177	Machine-translated / generated texts
1560178	Description with intent to sell
1560231	Machine-translated / generated texts
1560491	News reports / News blogs
15605	Encyclopedia articles
1560699	Description of a thing
1560721	Machine-translated / generated texts
1560875	Description with intent to sell
1560914	Legal terms / conditions
15610	Personal blog
1561000	Online article
1561170	Online article
1561178	Description with intent to sell
1561307	Machine-translated / generated texts
1561342	Machine-translated / generated texts
1561497	Description of a thing
1561538	News reports / News blogs
1561711	Interactive discussion general
1561933	Machine-translated / generated texts
1562002	Research articles
1562160	Machine-translated / generated texts
1562259	Discussion forums
1562260	Community blog
1562274	Machine-translated / generated texts
1562455	Community blog
1562487	Discussion forums
1562491	Description with intent to sell
1562533	Interactive discussion general
1562578	Description of a thing
1562649	Description with intent to sell
1562650	Machine-translated / generated texts
15627	Personal blog
1562758	News reports / News blogs
15628	Reviews
1562853	Description with intent to sell
1562869	Discussion forums
1562900	Machine-translated / generated texts
1563001	Narrative general
1563108	Description with intent to sell
1563152	Machine-translated / generated texts
1563184	Machine-translated / generated texts
1563266	Informational Description general
1563276	News reports / News blogs
1563286	Description with intent to sell
1563312	Machine-translated / generated texts
15654	Description with intent to sell
15655	Description with intent to sell
15667	Discussion forums
15702	Personal opinion blogs
15725	Personal blog
15747	Description with intent to sell
15758	Description of a thing
15766	News+Opinion blogs / Editorials
15780	News reports / news blogs
1579268	Description of a thing
15793	Personal opinion blogs
15795	Travel blog
15802	Description with intent to sell
15808	Description of a person
15826	Description of a thing
15832	Description of a thing
15834	How-to/instructions
15835	Description with intent to sell
1584943	Description of a thing
15862	Personal blog
15864	News reports / news blogs
15866	Historical article
15879	Personal blog
15880	Community blogs
15885	Question-Answer forums
15895	Personal opinion blogs
15912	Description with intent to sell
15914	How-to/instructions
15916	Description of a person
15936	Information blogs
15938	News reports / news blogs
15940	Description with intent to sell
15951	How-to/instructions
15976	Sports reports
15990	Personal opinion blogs
16032	Discussion forums
16043	Description with intent to sell
16058	Description with intent to sell
16085	Personal opinion blogs
16105	News reports / news blogs
16122	Description with intent to sell
16127	Discussion forums
16134	News+Opinion blogs / Editorials
16138	Description with intent to sell
16139	Community blogs
16168	Personal blog
16169	FAQs
1617143	Machine-translated / generated texts
16184	News reports / news blogs
16187	Personal opinion blogs
16193	Community blogs
16199	Description with intent to sell
16200	Personal opinion blogs
16208	Information blogs
16231	Personal blog
16233	Description with intent to sell
16247	Personal opinion blogs
16262	Religious blogs/sermons
16264	Description of a thing
16270	Machine-translated / generated texts
16279	Description with intent to sell
16281	Machine-translated / generated texts
16310	Description with intent to sell
16317	Sports reports
16342	Personal blog
16364	Reviews
16386	Sports reports
1639782	Personal blog
16399	Reviews
16400	Personal blog
16402	Description with intent to sell
16425	Description of a thing
16438	Personal opinion blogs
16440	News reports / news blogs
16444	Description with intent to sell
1647169	Machine-translated / generated texts
16493	Description with intent to sell
16498	Personal blog
16500	Personal blog
16506	News reports / news blogs
16530	Personal blog
1653134	Machine-translated / generated texts
16543	How-to/instructions
16545	Description of a person
16553	Advice
16561	Sports reports
16580	Description with intent to sell
16584	Description with intent to sell
16587	How-to/instructions
1658745	Research articles
16590	Description of a person
16603	Description with intent to sell
16619	Personal blog
16641	Description of a thing
16649	Description with intent to sell
16652	How-to/instructions
16655	News+Opinion blogs / Editorials
16660	Machine-translated / generated texts
16661	How-to/instructions
16669	News+Opinion blogs / Editorials
166855	Description of a thing
16686	News reports / news blogs
1668784	Personal blog
16695	Community blogs
16714	News reports / news blogs
16741	Description of a thing
16772	News+Opinion blogs / Editorials
16784	Personal blog
16822	Community blogs
16857	Description with intent to sell
16873	How-to/instructions
16894	News reports / news blogs
16895	How-to/instructions
1690528	Encyclopedia articles
16916	Description of a thing
16920	Community blogs
16928	Machine-translated / generated texts
16942	Question-Answer forums
16956	Description with intent to sell
16961	Description of a thing
16978	Description of a thing
16980	Description with intent to sell
16982	News reports / news blogs
16985	How-to/instructions
17003	Description with intent to sell
17006	Sports reports
170135	News reports / News blogs
17019	Community blogs
17021	Description with intent to sell
17035	How-to/instructions
17041	News reports / news blogs
17058	Description with intent to sell
17066	Description with intent to sell
17072	Personal blog
17079	News reports / news blogs
17092	News reports / news blogs
1718796	Discussion forums
1728705	News reports / News blogs
1732595	Community blogs
1734085	News reports / News blogs
1772426	Description of a thing
177280	Encyclopedia articles
1793904	Personal blog
1800967	Description with intent to sell
1803032	Description of a thing
1821	Machine-translated / generated texts
1824234	Machine-translated / generated texts
1825218	News reports / news blogs
1833599	Machine-translated / generated texts
1850	Description with intent to sell
186488	Description of a thing
1875873	Sports reports
1882626	Personal opinion blogs
1884282	News+Opinion blogs / Editorials
1885685	Description of a thing
188661	Research articles
1886734	Description with intent to sell
1893648	Research articles
1924607	Encyclopedia articles
1933535	Description with intent to sell
195065	News reports / News blogs
1958459	Description with intent to sell
1958751	Description of a thing
1964612	Description of a thing
1971984	Personal blog
1972086	Machine-translated / generated texts
198152	Encyclopedia articles
199089	Research articles
2027494	Personal blog
2046493	Machine-translated / generated texts
2047829	News reports / news blogs
205008	Research articles
2051138	Description with intent to sell
2105	Description with intent to sell
2106	How-to/instructions
2109345	News reports / news blogs
2129524	Sports reports
2134234	Description with intent to sell
217998	Personal blog
2181268	News+Opinion blogs / Editorials
219538	Encyclopedia articles
2207829	News reports / news blogs
2219257	Discussion forums
2228147	Machine-translated / generated texts
2246186	Description of a thing
2267726	Personal opinion blogs
2278907	Personal blog
2284358	Personal blog
2286	Personal blog
2310653	Personal opinion blogs
2320368	Discussion forums
2325987	Reviews
2341139	Description of a thing
2349047	Travel blog
2367478	Description with intent to sell
2367979	Description with intent to sell
2374058	Personal blog
2382936	Description with intent to sell
2400732	How-to/instructions
2422672	Description of a person
2439858	Description with intent to sell
2461909	Personal blog
2462431	Encyclopedia articles
2476107	Description of a thing
2479	Description with intent to sell
2479923	Personal blog
2518	Description with intent to sell
2518766	Description of a thing
2529793	Machine-translated / generated texts
2542536	Reviews
255922	Encyclopedia articles
2562043	Personal blog
2569943	Religious blogs/sermons
2609356	Machine-translated / generated texts
2615930	Description with intent to sell
2628888	Machine-translated / generated texts
2675694	News+Opinion blogs / Editorials
2680201	Discussion forums
2688137	Community blog
2706975	Machine-translated / generated texts
2722680	Description with intent to sell
2732401	Personal blog
2734692	Machine-translated / generated texts
2746095	Sports reports
2762012	Community blogs
277626	Description of a thing
2779791	Description of a thing
2787898	Community blog
2803917	Personal blog
2807938	Personal opinion blogs
2826015	Description with intent to sell
2848279	Description with intent to sell
2859937	Description of a thing
2870627	News+Opinion blogs / Editorials
2872344	Discussion forums
2875342	Machine-translated / generated texts
2908185	News reports / News blogs
2927923	Machine-translated / generated texts
2928831	Reviews
2936920	News reports / News blogs
2940051	Travel blog
2969029	Personal opinion blogs
2975394	Machine-translated / generated texts
2986202	Description with intent to sell
3004101	How-to/instructions
3007226	Personal blog
3018269	Religious blogs/sermons
3050893	Description of a thing
3055709	News+Opinion blogs / Editorials
3095289	Description with intent to sell
3097117	Machine-translated / generated texts
3112393	Information blogs
3141506	News reports / News blogs
3150250	Religious blogs/sermons
3158231	News reports / news blogs
3158674	Personal blog
3162242	Religious blogs/sermons
3162606	Description of a thing
3164581	Religious blogs/sermons
3182887	Historical article
3184126	Religious blogs/sermons
3194113	Religious blogs/sermons
3203266	Description with intent to sell
3207273	Machine-translated / generated texts
3210827	Religious blogs/sermons
3216	How-to/instructions
3227732	Religious blogs/sermons
3233611	Machine-translated / generated texts
3246978	News reports / news blogs
3252395	Community blogs
3254352	Religious blogs/sermons
3265457	Machine-translated / generated texts
3281562	Machine-translated / generated texts
3285348	News reports / News blogs
3285807	Question-Answer forums
3309941	Description with intent to sell
3334671	How-to/instructions
3347253	Description with intent to sell
3352727	Description with intent to sell
3360526	Encyclopedia articles
3368305	Personal blog
3387	Advice
3388781	Personal blog
3394552	Personal blog
3398321	Encyclopedia articles
3398583	Description of a thing
3399182	Travel blog
3401250	Description with intent to sell
3402656	Informational Description general
3404885	How-to/instructions
3408966	Machine-translated / generated texts
3445855	Encyclopedia articles
344636	Description with intent to sell
3453484	News reports / News blogs
3454672	Advice
3464620	Machine-translated / generated texts
3472520	Community blog
3477148	Religious blogs/sermons
3480986	Religious blogs/sermons
3488423	News reports / News blogs
3490947	Religious blogs/sermons
3494394	Religious blogs/sermons
3495133	Religious blogs/sermons
3500063	Religious blogs/sermons
3500941	Religious blogs/sermons
351532	Description of a thing
3520046	Description with intent to sell
352365	How-to/instructions
3531836	Religious blogs/sermons
3548884	Personal blog
3557491	Fiction
3559558	Machine-translated / generated texts
3569571	Description of a thing
3584	Personal blog
3597894	Personal opinion blogs
3606369	Personal blog
3609835	Personal blog
3622615	Personal blog
3645976	Machine-translated / generated texts
3648674	Personal blog
3668	Personal opinion blogs
3686401	Research articles
3690820	Discussion forums
3702107	Advice
3710	Description with intent to sell
371770	Personal blog
3730205	Religious blogs/sermons
3730537	Religious blogs/sermons
3738647	Machine-translated / generated texts
3742569	Description with intent to sell
3743542	Personal blog
3754116	Reviews
3758791	Encyclopedia articles
3771	Description of a person
3772832	Religious blogs/sermons
3778876	Machine-translated / generated texts
3789253	Personal opinion blogs
379173	News reports / news blogs
3795688	Religious blogs/sermons
3807357	Religious blogs/sermons
3816836	Religious blogs/sermons
3818441	Personal blog
3819179	News reports / News blogs
3819637	Discussion forums
3821460	News reports / News blogs
3821514	Reviews
3830588	Encyclopedia articles
3830926	Reviews
3835621	Religious blogs/sermons
383930	News reports / news blogs
3840153	Religious blogs/sermons
3841197	Religious blogs/sermons
3843	Personal blog
3844618	Religious blogs/sermons
3847563	Discussion forums
3853817	Discussion forums
3862639	Religious blogs/sermons
3866851	Description with intent to sell
3870685	Encyclopedia articles
3871200	Religious blogs/sermons
3871452	Personal blog
3874021	Religious blogs/sermons
3875045	Machine-translated / generated texts
3875772	Encyclopedia articles
3881919	Personal blog
3892026	Travel blog
3896562	Machine-translated / generated texts
3898660	Machine-translated / generated texts
3902912	Personal opinion blogs
3903671	Description with intent to sell
3904383	Reviews
3904725	Religious blogs/sermons
3915187	Personal opinion blogs
3915875	Personal blog
3916354	Information blogs
3919780	Discussion forums
3923711	Religious blogs/sermons
3923910	Religious blogs/sermons
3924433	Personal opinion blogs
3930674	Religious blogs/sermons
3932633	Religious blogs/sermons
3934348	Religious blogs/sermons
3943030	Machine-translated / generated texts
3943738	Personal blog
3955403	Religious blogs/sermons
3961257	Religious blogs/sermons
3963164	Travel blog
3983423	Discussion forums
3999087	Encyclopedia articles
4012378	Personal blog
4020695	Encyclopedia articles
4028278	Personal opinion blogs
4030832	Machine-translated / generated texts
4032000	Religious blogs/sermons
4033411	Personal blog
4058152	Discussion forums
4063082	Personal blog
4069660	Reviews
4070	News reports / news blogs
4076863	Travel blog
4079652	Religious blogs/sermons
4079657	Discussion forums
4087230	Machine-translated / generated texts
4108456	Fiction
4113023	Personal blog
4115834	Description with intent to sell
4139644	Machine-translated / generated texts
4143615	Description with intent to sell
414603	News reports / News blogs
4154590	Personal blog
4183990	Personal blog
4184436	Personal blog
4191238	Personal opinion blogs
4201540	Machine-translated / generated texts
4202626	Community blog
4216448	Travel blog
4238236	Machine-translated / generated texts
4247353	Narrative general
4247857	Description of a thing
4251692	Discussion forums
4268016	Personal blog
4275240	Personal blog
42921	Description with intent to sell
4314840	Religious blogs/sermons
4325335	Reviews
4333764	Personal blog
4368259	Personal blog
4379872	Religious blogs/sermons
4382316	Description with intent to sell
4385944	Personal opinion blogs
4388682	Machine-translated / generated texts
4391421	Encyclopedia articles
4397038	Religious blogs/sermons
4397091	Machine-translated / generated texts
4408	Description with intent to sell
4414562	Personal blog
443	Discussion forums
4434958	Discussion forums
444032	Description of a thing
4450495	Religious blogs/sermons
4454740	Personal blog
4456867	Religious blogs/sermons
4461292	Personal opinion blogs
4491539	Machine-translated / generated texts
4502793	Description of a person
4514333	Religious blogs/sermons
4527188	Machine-translated / generated texts
4530022	Description with intent to sell
4538216	Religious blogs/sermons
4538606	Description with intent to sell
4559007	News reports / news blogs
4560277	Machine-translated / generated texts
458030	Description of a thing
458488	Research articles
4594562	Encyclopedia articles
4613588	Machine-translated / generated texts
4616315	Personal opinion blogs
4619636	Reviews
4620754	Personal blog
462666	News reports / News blogs
4634870	Machine-translated / generated texts
4637957	Religious blogs/sermons
4654199	Religious blogs/sermons
4655452	Encyclopedia articles
4655885	Online article
467885	News reports / News blogs
4686193	Machine-translated / generated texts
4686292	Personal blog
4700433	Personal blog
4721489	Legal terms / conditions
4731191	Discussion forums
4738998	Research articles
4759012	Religious blogs/sermons
4762687	Machine-translated / generated texts
4771213	Encyclopedia articles
4774534	Religious blogs/sermons
4776684	Personal blog
4777185	Personal blog
4777283	Description with intent to sell
4778388	Encyclopedia articles
4787414	Description with intent to sell
4793615	Machine-translated / generated texts
4794582	News reports / News blogs
4799674	Religious blogs/sermons
4800900	Machine-translated / generated texts
4802957	Machine-translated / generated texts
4806154	Personal blog
4811338	Religious blogs/sermons
4813793	Encyclopedia articles
4814973	Personal opinion blogs
4829999	Religious blogs/sermons
4834080	Religious blogs/sermons
4838245	Description of a thing
4845608	Encyclopedia articles
486258	News reports / News blogs
486609	Personal blog
488	Discussion forums
4910486	Description of a thing
4910845	Description of a thing
4912487	Religious blogs/sermons
4914235	News reports / news blogs
4916238	Religious blogs/sermons
4917894	Encyclopedia articles
4929951	Description with intent to sell
4933	Discussion forums
4933347	How-to/instructions
4934510	Personal blog
4936	Description with intent to sell
4938844	Description of a thing
4951	Community blogs
4952	Description with intent to sell
4955174	Personal opinion blogs
4955238	Personal blog
499010	Machine-translated / generated texts
499671	News+Opinion blogs / Editorials
4997	Advice
5008366	Personal blog
5030180	News reports / News blogs
5038713	Online article
5039259	Description of a thing
5053	Description with intent to sell
5055625	Machine-translated / generated texts
5076059	Religious blogs/sermons
5093265	News reports / News blogs
5103114	Personal blog
5104552	Discussion forums
510665	Machine-translated / generated texts
5109794	Description of a thing
5110562	Description of a thing
5114051	Personal blog
5120	Description of a thing
5138539	Narrative general
5140137	News reports / news blogs
5148893	Personal opinion blogs
5160432	Discussion forums
5165600	Religious blogs/sermons
5179605	Personal blog
51797	Personal opinion blogs
5196152	Discussion forums
5197916	News reports / News blogs
5219985	Religious blogs/sermons
5220328	Personal blog
5224667	Religious blogs/sermons
5232256	News+Opinion blogs / Editorials
5253367	Personal blog
5256945	Discussion forums
5270152	Religious blogs/sermons
5278056	Online article
5296588	News reports / News blogs
5297835	Encyclopedia articles
5318766	Online article
5325155	Description of a thing
535412	Description of a thing
5354543	Personal blog
5357703	Religious blogs/sermons
5366988	Machine-translated / generated texts
5370250	Research articles
5374955	News reports / news blogs
5386299	News reports / News blogs
5399697	Religious blogs/sermons
540469	Encyclopedia articles
541767	News+Opinion blogs / Editorials
5434608	News reports / news blogs
5439155	Online article
5445327	News reports / News blogs
5458501	News reports / News blogs
5458519	Religious blogs/sermons
5478950	Encyclopedia articles
5478957	News+Opinion blogs / Editorials
550262	Personal blog
550909	Personal opinion blogs
5518232	Online article
5518392	Religious blogs/sermons
555	Description with intent to sell
5550687	Research articles
5559820	Description of a thing
5566711	Description of a thing
5573552	Description with intent to sell
5576955	Discussion forums
5582063	Personal opinion blogs
558516	Description with intent to sell
5600762	Description of a thing
5601460	News reports / News blogs
5614513	Online article
5636289	Research articles
5659696	News reports / News blogs
5660818	Description of a thing
5670501	Religious blogs/sermons
5673501	News+Opinion blogs / Editorials
5726116	Research articles
5743531	How-to/instructions
5761429	Personal blog
5762145	How-to/instructions
5776804	Reviews
5777170	Information blogs
5807523	News reports / news blogs
5809216	Community blog
5814978	Machine-translated / generated texts
5825117	News reports / News blogs
5826181	News reports / news blogs
5829926	Personal blog
5830564	Travel blog
5831087	Sports reports
5838434	Personal blog
5843136	Community blog
5848935	Personal blog
5854984	Personal blog
5862677	Personal blog
5872115	Religious blogs/sermons
5872306	News+Opinion blogs / Editorials
5885949	Personal blog
5890434	Fiction
5900026	Personal blog
5904317	Personal opinion blogs
590652	News reports / News blogs
5908871	Reviews
5911470	Personal blog
5913260	News reports / news blogs
5916356	News+Opinion blogs / Editorials
5917161	Description of a thing
5935334	News reports / news blogs
5936	Description of a thing
5940893	Informational Description general
594167	Machine-translated / generated texts
5945425	News+Opinion blogs / Editorials
5946555	Personal opinion blogs
5953723	Machine-translated / generated texts
595959	Encyclopedia articles
5962657	Religious blogs/sermons
5970573	Personal blog
5973730	News reports / News blogs
5977998	Personal blog
5978537	Personal blog
5992535	Discussion forums
5996383	Personal opinion blogs
5997639	Reviews
600008	Personal blog
6005242	Machine-translated / generated texts
6007166	Machine-translated / generated texts
6021659	Description with intent to sell
6022	News reports / news blogs
6022777	Personal blog
6032052	Religious blogs/sermons
6040809	Research articles
6045452	Personal opinion blogs
6049136	Historical article
6051410	Religious blogs/sermons
6053605	Personal blog
6053678	Religious blogs/sermons
6063627	Personal blog
6065694	Personal opinion blogs
6067060	News reports / News blogs
6067267	Religious blogs/sermons
6069723	Personal blog
6088904	Research articles
6100563	Religious blogs/sermons
610587	Encyclopedia articles
6123579	Online article
6123908	Machine-translated / generated texts
6126000	Personal blog
6132551	Encyclopedia articles
6141189	Personal blog
6144732	Religious blogs/sermons
6145140	Personal blog
6153676	Machine-translated / generated texts
6160641	News reports / News blogs
6165735	Religious blogs/sermons
6167711	Encyclopedia articles
6181101	Religious blogs/sermons
6188048	Machine-translated / generated texts
619264	Description with intent to sell
6194243	Religious blogs/sermons
6196205	Religious blogs/sermons
6202880	Religious blogs/sermons
6211536	Religious blogs/sermons
6215411	Machine-translated / generated texts
6216688	Religious blogs/sermons
6225871	Personal blog
6231725	Religious blogs/sermons
6234394	Encyclopedia articles
6235141	Machine-translated / generated texts
6237790	Religious blogs/sermons
6244745	Religious blogs/sermons
6245568	Personal blog
6250051	Personal blog
6252973	Religious blogs/sermons
6273768	Online article
6280510	News+Opinion blogs / Editorials
6282630	Personal blog
6284233	Religious blogs/sermons
6294868	Question-Answer forums
6301978	Machine-translated / generated texts
6309824	Machine-translated / generated texts
6313219	Personal opinion blogs
6322543	News reports / News blogs
6333949	Religious blogs/sermons
6337741	Online article
6337858	News reports / News blogs
6341849	Religious blogs/sermons
6346368	Religious blogs/sermons
6351886	Religious blogs/sermons
6356631	Online article
636	Personal blog
6379135	Description of a thing
638729	Machine-translated / generated texts
639102	Machine-translated / generated texts
640014	Personal opinion blogs
6406277	Personal blog
6412954	Encyclopedia articles
6422073	Personal blog
6439592	Description of a thing
6451658	Machine-translated / generated texts
6462	Personal opinion blogs
6491927	Reviews
6493763	Community blogs
6495146	Personal blog
6499683	Description of a thing
6506848	Personal blog
6507314	Question-Answer forums
6507399	News reports / news blogs
6513691	Information blogs
651911	Discussion forums
6523891	Personal blog
6535759	Personal blog
6539112	Personal opinion blogs
6548235	Personal blog
6552950	Description of a thing
6553842	Personal blog
6554	Description with intent to sell
6565925	Community blogs
6569188	News reports / News blogs
6575343	News reports / News blogs
6581035	Question-Answer forums
663615	Description of a person
671528	Personal opinion blogs
681490	Fiction
697195	Description of a thing
69864	Personal blog
7025	Machine-translated / generated texts
722	Fiction
7239	How-to/instructions
7342	Description with intent to sell
740494	Personal opinion blogs
7663	Reviews
767586	Sports reports
7737	Sports reports
7740	Description of a thing
786516	Personal blog
791905	Informational Description general
8001	Community blogs
803512	Information blogs
803832	News reports / News blogs
8064	News reports / news blogs
8164	How-to/instructions
818365	Information blogs
827430	Encyclopedia articles
838624	Information blogs
842073	Personal blog
8456	Personal blog
8475	Description with intent to sell
850346	Description with intent to sell
8509	Description with intent to sell
8529	Description of a thing
8539	Discussion forums
8543	Description with intent to sell
8555	How-to/instructions
8562	Description with intent to sell
8566	News reports / news blogs
8577	Personal blog
858694	Question-Answer forums
8607	News reports / news blogs
8610	Personal blog
8611	News reports / news blogs
8617	News reports / news blogs
862085	Personal blog
8654	Description with intent to sell
8660	Description with intent to sell
8666	Description with intent to sell
8686	Personal blog
8703	Discussion forums
8724	Description of a person
8726	Community blogs
8751	Discussion forums
8762	Personal blog
8767	Description with intent to sell
8776	Personal blog
8794	Personal blog
8795	Personal opinion blogs
879629	Machine-translated / generated texts
880451	Machine-translated / generated texts
8812	Description with intent to sell
8818	Description with intent to sell
8824	Description with intent to sell
8843	News reports / news blogs
8862	Description with intent to sell
888192	Fiction
8884	Reviews
8895	Description of a thing
8904	How-to/instructions
8924	Description with intent to sell
8931	Machine-translated / generated texts
8940	News reports / news blogs
8950	Encyclopedia articles
8959	Personal blog
896088	Religious blogs/sermons
8961	FAQs
8962	News reports / news blogs
8966	How-to/instructions
8971	News reports / news blogs
8977	Community blogs
8983	Community blogs
8987	Personal opinion blogs
8989	Sports reports
9001	News reports / news blogs
9003	Discussion forums
9011	How-to/instructions
9023	How-to/instructions
9028	Question-Answer forums
9038	Sports reports
906012	Encyclopedia articles
907196	News reports / news blogs
9080	Description of a thing
9081	Personal opinion blogs
9084	News+Opinion blogs / Editorials
9086	Description with intent to sell
9093	Discussion forums
9111	Sports reports
9140	Description of a thing
9175	Historical article
9181	How-to/instructions
9185	Reviews
9197	Community blogs
9202	News reports / news blogs
9213	Machine-translated / generated texts
9233	Description of a thing
9238	How-to/instructions
9242	Description with intent to sell
9245	Sports reports
92528	Personal blog
9253	Personal opinion blogs
9272	Community blogs
9277	Information blogs
9303	Description with intent to sell
9307	Description with intent to sell
9342	Discussion forums
934641	News reports / News blogs
9359	News reports / news blogs
9365	Discussion forums
9400	Description with intent to sell
9401	How-to/instructions
9406	News reports / news blogs
940825	Personal blog
941997	Discussion forums
943411	Personal blog
9450	News+Opinion blogs / Editorials
9486	How-to/instructions
9491	Personal opinion blogs
951813	Personal blog
9520	Description with intent to sell
9523	Personal blog
9524	Personal blog
9530	Description of a thing
9555	Community blogs
9556	Machine-translated / generated texts
9557	Description with intent to sell
956431	Machine-translated / generated texts
9572	Description of a thing
9574	News reports / news blogs
9580	How-to/instructions
9581	Reviews
9585	Community blogs
9597	News reports / news blogs
9601	Question-Answer forums
9614	News reports / news blogs
962314	How-to/instructions
9642	News reports / news blogs
9643	Discussion forums
9656	Description with intent to sell
9695	Community blogs
9706	News reports / news blogs
9708	Sports reports
9717	News+Opinion blogs / Editorials
9729	Sports reports
9735	Description of a thing
9750	How-to/instructions
9753	Discussion forums
9756	Description of a thing
9759	News reports / news blogs
9772	Description of a thing
9807	Personal opinion blogs
9810	Personal blog
9824	News reports / news blogs
9840	Description with intent to sell
9842	How-to/instructions
9868	Personal blog
9877	Description of a thing
988953	News reports / News blogs
9895	Sports reports
9913	Reviews
9919	News reports / news blogs
9933	Personal blog
9947	Reviews
9948	Description with intent to sell
9952	News reports / news blogs
9954	Community blogs
9983	News reports / news blogs
